ÜRÜN,ÖLÇÜ,GÖRSEL,FİYAT,
Fun Fendi Sofa,TRUE,TRUE,TRUE,
B&B Italia Atoll Sofa,TRUE,TRUE,TRUE,
Flexform Grounpiece Sofa,TRUE,TRUE,TRUE,"**Ürün Caja ya gönderildi, Take it out of the list"
Gallotti Radice Evolis  Sofa ,TRUE,TRUE,TRUE,
Gallotti Radice Evolis Next Sofa,TRUE,TRUE,TRUE,
Gallotti Radice Stami Sofa,TRUE,TRUE,TRUE,
Edra Cipria Sofa,TRUE,TRUE,TRUE,
Cassina Cornaro Sofa,TRUE,TRUE,TRUE,
Andreu World Mariya Sofa,TRUE,TRUE,TRUE,**Ürünün ölçü kısmında 2 adet yazıyor ama sofadan 1 adet var 
Andreu World Mariya Armchair,TRUE,TRUE,TRUE,"**Üründen 2 adet var, 2 adet fiyatı olduğunu yazalım"
Knoll Womb Sette,TRUE,TRUE,TRUE,
Flexform Gregory Sofa,TRUE,TRUE,TRUE,
Flexform Zeus Sofa,TRUE,TRUE,TRUE,"**Ürün Caja ya gönderildi, Take it out of the list"
Flexform Supermax Sofa,,,,**take it out of the list
Vitra Polder Compact Sofa,TRUE,TRUE,TRUE,
Carl Hansen Sofa,,TRUE,TRUE,
Promemoria Komodo Daybed,FALSE,TRUE,TRUE,**Ölçü: 206x102cm H:40/72cm _ MEASUREMENTS
Vitra Abalon Sofa,,TRUE,TRUE,**Ölçü: 218x90cm H:110cm MEASUREMENTS
Knoll Klismos Daybed,TRUE,TRUE,TRUE,**Ölçü: 155x85cm H:87cm MEASUREMENTS
Maxalto Febo Daybed,,TRUE,TRUE,
Knoll Barcelona Chair,TRUE,TRUE,TRUE,
Ceccotti Pigra Armchair & Ottoman,TRUE,TRUE,TRUE,
Cassina Feltri Armchair,,,,**take it out of the list
Zanotta Gilda Armchair,TRUE,TRUE,TRUE,
Living Divani Greene Armchair,TRUE,TRUE,TRUE,TAKE İT OUT OF THE LİST
Flexform Magnum Armchair,,TRUE,TRUE,**Ölçü:90x95cm H:64cm MEASUREMENTS
Flexform Ortigia S.H. Armchair,TRUE,TRUE,TRUE,**İndirimli 2 adet fiyatı yazıyor ama ikisi farklı renk tek tek satıyoruz
Flexform Ortigia Armchair,TRUE,TRUE,TRUE,**2 adet satılıyor PRICE FOR TWO
Flexform Ortigia Armchair Without Armrest,TRUE,TRUE,TRUE,TAKE İT OUT OF THE LİST
Santa&Cole Digamma Armchair,TRUE,TRUE,TRUE,TEK ADET FİYATI
Walter Knoll Isanka Pouf,TRUE,TRUE,TRUE,
Fendi Casa Icaro Table,,TRUE,TRUE,**Ölçü 300xx110cm H:75cm MEASUREMENTS
Maxalto Lucullo Table,,TRUE,TRUE,**Ölçü: 290x110cm H:74cm MEASUREMENTS
Gallotti Radice Haumea Table,TRUE,TRUE,TRUE,
MDF Italia NVL Table,TRUE,TRUE,TRUE,
B&B Italia Hans Table,TRUE,GÖRSEL KONULMAMIŞ,TRUE,
Moooi Two Tops Table,TRUE,TRUE,TRUE,
Vitra EM Table,FALSE,TRUE,TRUE,**Ölçü:240x90cm H:74cm MEASUREMENTS
Vitra EM Table,TRUE,TRUE,TRUE,
Cassina 9 Oval Lounge Table,TRUE,TRUE,TRUE,
USM Kitos Table,TRUE,TRUE,TRUE,
B&B Italia Pianura Coffee Table,,TRUE,TRUE,**Ölçü:130x130cm H:49cm MEASUREMENTS
B&B Italia Tobi Ishı Coffee Table,TRUE,TRUE,TRUE,TAKE İT OUT OF THE LİST
Flexform Pico Small Table,TRUE,TRUE,TRUE,
Maxalto Alcor Coffee Table,,FALSE,TRUE,**Ölçü: 180x130cm H:38cm measurements
B&B Italia Area Coffee Table,TRUE,TRUE,TRUE,
Maxalto Xilos Coffee Table,TRUE,TRUE,TRUE,TAKE İT OUT OF THE LİST
Walter Knoll Ishına Coffee Table,TRUE,TRUE,TRUE,
Vitra Eames Coffee Table,,TRUE,TRUE,**Ölçü: 76x76cm H:39cm measurements
Flexform Plain Side Table,,GÖRSEL KONULMAMIŞ,TRUE,**Ölçü:34x43cm H:53cm measurements
Classicon Pli Side Table,TRUE,TRUE,TRUE,
Maxalto Elios Round Small Table,FALSE,TRUE,FALSE,"Ürün markası B&B değil, ölçü:Ø35cm H:47cm fiyat:1044 Eurodan 575 Euroya düştü (1 adet için)"
B&B Italia Planck Small Table,TRUE,GÖRSEL KONULMAMIŞ,TRUE,
Cassina Bed Side Coffee Table,TRUE,TRUE,TRUE,
Flexform Fly Side Table,,,,TAKE İT OUT OF THE LİST
Gallotti Radice Arch Low Table,TRUE,TRUE,TRUE,
Miniforms Zigo Coffee Table,,,,TAKE İT OUT OF THE LİST
Andreu World Uves Coffee Table,TRUE,TRUE,TRUE,
B&B Italia Fat Fat Low Table,TRUE,TRUE,TRUE,
B&B Italia Fat Fat Low Table,TRUE,FALSE,TRUE,**Beyaz renkli olan görsele konmuş ama siyah olması lazım
Living Divani Moon Satellite Coffee Table,TRUE,TRUE,TRUE,**2 adet fiyatı olduğunu belirtelim / price for two
E 15 Habibi Coffee Table,TRUE,TRUE,TRUE,
Maxalto Caratos Chair ,TRUE,TRUE,TRUE,**4 adet fiyatı yazılmış ama üründen 6 adet var düzeltelim / 6 in total
B&B Italia Heri O Chair,,TRUE,TRUE,"**Ölçü: 60x62cm H:47/78cm , indirimli 6 adet yazılmış ama 4 adet var düzeltelim/ 4 in total not 6 "
Gallotti Radice Akiko Chair,,TRUE,,"**Ölçü:59x55cm H:77cm, indirimli 2 adet fiyatı yazıyor it should be 6 adet fiyatı yazılan, düzeltelim"
Edra Blue Velvet Chair,,TRUE,TRUE,"**Ölçü:75x69cm H:43/80cm , it should be 2 adet fiyatı diye belirtelim"
Knoll KN06 Chair,,,,TAKE İT OUT OF THE LİST
Cassina Goteborg 1 Chair,,TRUE,TRUE,**İndirimli adet fiyatı yazılmış ama 4 adet fiyatı bu düzeltelim/ price for 4
Knoll Saarinen Chair,,TRUE,TRUE,"**1 adet fiyatı olduğunu belirtelim, 8 adet fiyatı yazılmış"
Fritz Hansen Series 7,TRUE,TRUE,FALSE,"**İndirimsiz fiyata 4096 Euro yazalım, indirimli fiyatı 2250 Euro (8 adet fiyatı) price is 2250 euro from 4096"
Andreu World Oru Chair,TRUE,TRUE,TRUE,
Maxalto Fulgens Chair,,TRUE,TRUE,"**Ölçü:58x57cm H:45,5/80cm measurements"
Maxalto Febo Chair,TRUE,TRUE,TRUE,
Maxalto Febo Chair,TRUE,TRUE,TRUE,
Cassina Hola Chair,,TRUE,TRUE,
Knoll Gio Chair,TRUE,TRUE,TRUE,
Vitra Standard Chair,,TRUE,TRUE,"**Üründen 1 adet var, 2 adet fiyatı yazılmış düzeltelim it should be price for one"
Fritz Hansen Drop Chair,,TRUE,TRUE,**Fiyatın 2 adet fiyatı olduğunu belirtelim / it sould be price for two
Hal Wood Chair,TRUE,TRUE,TRUE,
Vitra Freeform Ottoman,TRUE,TRUE,TRUE,
Flexform Feel Good Ottoman,TRUE,TRUE,TRUE,
Cassina X Caracter Console,,,,TAKE İT OUT OF THE LİST
Knoll Florence Credenza Unit,TRUE,TRUE,TRUE,
B&B Italia Arne Bookcase,TRUE,TRUE,TRUE,
Vitra ESU Shelf,TRUE,TRUE,TRUE,
B&B Italia Liago Storage Unit,TRUE,TRUE,TRUE,
B&B Italia Pab Wall Unit,,TRUE,TRUE,**Ölçü: 540x55cm H:121cm (görselde 1.koyulan yanlış kırmızı detaylı ünite fotoğrafı direkt koyalım only the lifestyle picture is correct
B&B Italia Pab Wall Unit,TRUE,TRUE,TRUE,
Maxalto Windscreen In 3 Elements,TRUE,TRUE,TRUE,
Cassina Nuvola Rossa Bookcase,,,,TAKE İT OUT OF THE LİST
Cassina Nuage Bookcase,,TRUE,TRUE,**Ölçü: 215x46cm H:177cm measurmeents
Flexform Dragonfly Bed,TRUE,TRUE,TRUE,
Gallotti Radice Yuki Bed,TRUE,TRUE,TRUE,
Maison dada Mademoiselle Georges No4,TRUE,TRUE,TRUE,
Maison dada Mademoiselle Georges No1,TRUE,TRUE,TRUE,
Maison dada Tray Blue,,TRUE,TRUE,**Ölçü: Ø42cm H:64cm measurements
Maison Dada Red Portrait,,,,TAKE İT OUT OF THE LİST
Maison dada Of The Moon No3,TRUE,TRUE,TRUE,
Maison dada Du Roy Pink,TRUE,TRUE,TRUE,
Driade Ordini,TRUE,TRUE,TRUE,
Driade Ordini Bowl,TRUE,TRUE,TRUE,
Driade Root Vase,TRUE,TRUE,TRUE,
Driade Root Vase Small,TRUE,TRUE,TRUE,
Driade Roques,TRUE,TRUE,TRUE,
Driade Reinach,TRUE,TRUE,TRUE,
Driade Ordini,TRUE,TRUE,TRUE,
Driade Ordini,TRUE,TRUE,TRUE,
Driade Gear,TRUE,TRUE,TRUE,
Driade Gear,TRUE,TRUE,TRUE,
Driade Gear,TRUE,FALSE,TRUE,
Driade Gear,TRUE,TRUE,TRUE,
Driade Tenochtitlan,,TRUE,TRUE,
Driade Ordini,TRUE,TRUE,TRUE,
Driade Ordini,TRUE,TRUE,TRUE,
Driade Regnard II,TRUE,TRUE,TRUE,
Driade Regnard II,TRUE,FALSE,TRUE,**Beyaz olanın görselini koyalım lütfen üründen bir siyah bir de beyaz renk var
Driade Rolland I,,,,TAKE İT OUT OF THE LİST
Driade Rolland II,TRUE,TRUE,TRUE,
Paola C Small Titus III Blue Glass Vase,TRUE,TRUE,TRUE,
Paola C Longi,TRUE,TRUE,TRUE,
Paola C Longi,TRUE,TRUE,TRUE,
Paola C Riflessi,TRUE,TRUE,TRUE,
Paola C Cuppone,TRUE,TRUE,TRUE,
Paola C The Flat,TRUE,TRUE,TRUE,
Paola C Gambino,TRUE,TRUE,TRUE,
Paola C New Moon,TRUE,TRUE,TRUE,
Paola C Tiberius I,TRUE,TRUE,TRUE,
Paola C Titus II,TRUE,TRUE,TRUE,
Paola C The Short Vase Blue Small,TRUE,TRUE,TRUE,
Paola C The Tall Vase Blue,TRUE,TRUE,TRUE,
Paola C Gambino,TRUE,TRUE,TRUE,
Paola C Silver-Plated Titus,TRUE,TRUE,TRUE,
Paola C Silver-Plated Titus,TRUE,TRUE,TRUE,
Paola C Red Moon,TRUE,TRUE,TRUE,
Paola C Red Moon,,TRUE,TRUE,**Ölçü: Ø15cm H:6cm measurements
Exteta Sunset Basket Sofa,TRUE,TRUE,TRUE,
Exteta Sunset Dış Mekan Sandalye,,TRUE,TRUE,**Ölçü: 62x63cm H:45/85cm (6 adet fiyatı diye belirtelim) price for 6
Roda Piper Masa,FALSE,TRUE,FALSE,**Ölçü: 220x100cm H:75cm  (indirimli fiyatı 2500 euro yazalım) price is 2500 euro
B&B Italia Softcage Sofa,TRUE,TRUE,TRUE,
Cassina Trampoline Sofa,TRUE,TRUE,TRUE,
Cassina Esosoft 3 Seater Sofa,TRUE,TRUE,TRUE,
Paola Lenti Orbitry Sofa,,TRUE,TRUE,**Ölçü:202x117cm H:40/80cm measurements
Carl Hansen BK12 Sofa,,GÖRSEL KONULMAMIŞ,TRUE,**Ölçü:133x75cm H:67cm (2 adet yazılmış ama 1 adet var) measurements- price for one
Carl Hansen BK11 Armchair,,GÖRSEL KONULMAMIŞ,TRUE,**Ölçü:71x75cm H:67cm (2 adet fiyatıdır yazalım) price for 2
Gandia Blasco Isla Arosa Sofa,,TRUE,TRUE,**Ölçü:140x117cm H:80cm measurements
B&B Italia Hybrid Chaise Longue,,TRUE,TRUE,**Ölçü:134x144cm H:38/59cm measurements
B&B ITALIA Nooch Ottoman,TRUE,TRUE,TRUE,
Paola Lenti Portofino Armchair,TRUE,TRUE,TRUE,**1 adet fiyatı olduğunu belirtelim/ price for one
"Cassina Fauteuil Grand Confort, grand modèle, Ou",,TRUE,TRUE,
Flexform Ortigia Armchair,TRUE,TRUE,TRUE,
Paola Lenti Ami Armchair,TRUE,TRUE,TRUE,**Yazan fiyat 2 adet fiyatıdır diye belirtelim/ price for 2
B&B Italia Fat Armchair,,TRUE,FALSE,**İndirimli fiyatı 3350 Euro (1 adet fiyatı)
B&B Italia Borea Armchair,,,,TAKE İT OUT OF THE LİST
Roda Astra 002 Loung Chair,,TRUE,TRUE,
RODA | DOUBLE Dış Mekan Tekli Koltuk,TRUE,TRUE,TRUE,**2 adet fiyatı olduğunu belirtelim/price for 2
Roda Lawrence Lounge Chair,TRUE,GÖRSEL KONULMAMIŞ,TRUE,
Roda Lawrence Stool,TRUE,FALSE,TRUE,
Fendi Ohe Table,TRUE,TRUE,TRUE,
FENDICASA Ohe Chair,TRUE,TRUE,FALSE,"**İndirimsiz fiyata 26.910 Euro yazalım, indirimli fiyata 14.500 euro yazalım ve fiyatın 6 adet için olduğunu belirtelim"
B&B Italia Ginestra Table,,TRUE,TRUE,"**Ölçü:Ø180cm H:73,5CM measurements"
Coro Table,,,,TAKE İT OUT OF THE LİST
Fermob Table,TRUE,TRUE,TRUE,
B&B Italia Mirto Table,TRUE,TRUE,TRUE,
B&B Italia Mirto Outdoor,TRUE,TRUE,TRUE,
Fendi Kathy Outdoor Table,TRUE,TRUE,TRUE,
Fendi Kathy Outdoor Chair,TRUE,TRUE,TRUE,**Yazan fiyat 6 adet fiyatıdır diye belirtelim/ price for 6
Cassina Trampoline Table,TRUE,TRUE,TRUE,**6 adet fiyatı yazıyor ama üründen 1 adet var / price for 1
Cassina Trampoline Chair,TRUE,TRUE,,"**İndirimsiz fiyatına 12.390 Euro yazalım, indirimlii fiyatına 6800 Euro (6 adet fiyatıdır7 price for 6"
Fermob Outdoor masa,TRUE,TRUE,TRUE,**4 adet fiyatı yazılmış ama üründen 1 adet var düzeltelim price for 1
Gandia Blasco Isla Chair,TRUE,TRUE,TRUE,
Flexform Ortigia Dining Chair,TRUE,TRUE,,**İndirimsiz fiyatına 23.442 Euro yazalım 
Roda DOUBLE 011 chair,TRUE,TRUE,TRUE,**Yazan fiyat 2 adet fiyatıdır diye belirtelim/ price for 2
Andreu World Trenza Chair,TRUE,TRUE,TRUE,**Yazan fiyat 2 adet fiyatıdır diye belirtelim/ price for 2
B&B Italia Mirto Chair,FALSE,TRUE,TRUE,"**Ölçü: 58,5x53,5cm H:46/80,5cm measurmeents"
RODA Chair,TRUE,TRUE,TRUE,**Yazan fiyat 8 adet fiyatıdır diye belirtelim/ price for 8
Cassina Sail Out Pouf,TRUE,TRUE,TRUE,
Roda Double 35 Pouf,,TRUE,FALSE,**İndirimli fiyatına 1350 Euro yazalım / price is 1350
Roda Double 36 Pouf,,TRUE,FALSE,**İndirimli fiyatına 1700 Euro yazalım price is 1700
Paola Lenti Otto Cylindrical Pouf,TRUE,TRUE,TRUE,
Fendi Ohe Coffee Table,TRUE,TRUE,FALSE,"**İndirimsiz fiyatına 9389 Euro, indirimli fiyatına 5000 Euro yazalım /from 9389 euro to 5000 euro"
B&B Italia Colosseo Side Table,TRUE,TRUE,TRUE,
B&B Italia Colosseo Side Table,TRUE,TRUE,TRUE,
Paola Lenti Strap Side Table,TRUE,TRUE,TRUE,
Flexform Fly Side Table,TRUE,TRUE,TRUE,
Gervasoni Heiko Outdoor Coffee Table,,,,TAKE İT OUT OF THE LİST
Gervasoni Heiko Outdoor Coffee Table,,,,TAKE İT OUT OF THE LİST
Gervasoni Heiko Outdoor Coffee Table,,,,TAKE İT OUT OF THE LİST
B&B Italia-Outdoor Canasta Coffee Table,TRUE,TRUE,TRUE,
Talenti Venice Coffee Table,,TRUE,,**İndirimli fiyatına 2950 Euro yazalım / price is 2950 euro
Paola Lenti Portofino Stool,TRUE,TRUE,TRUE,
Roda Sunglass Low Table,TRUE,TRUE,TRUE,
B&B Italia Mirto Chaise Longu,FALSE,TRUE,TRUE,"**Ölçü:73,5x200cm H:37/95cm measueements"
Exteta Vertical Garden_ High,TRUE,TRUE,TRUE,
Exteta Vertical Garden_ Low,TRUE,TRUE,TRUE,
Cassina 9 Oval Lounge Table Walnut ,,,,TAKE İT OUT OF THE LİST
B&B Italia Button Coffee Table,,,,TAKE İT OUT OF THE LİST
B&B Italia Mirto Coffee Table,TRUE,TRUE,TRUE,
B&B Italia Cutter Chair,,,,TAKE İT OUT OF THE LİST